<?xml version="1.0" encoding="UTF-8"?>
<project-private xmlns="http://www.netbeans.org/ns/project-private/1">
    <editor-bookmarks xmlns="http://www.netbeans.org/ns/editor-bookmarks/2" lastBookmarkId="0"/>
    <open-files xmlns="http://www.netbeans.org/ns/projectui-open-files/2">
        <group>
            <file>file:/D:/FPT/ki4/PRJ/AssG10/Project_G10_SE1629/src/java/MyUntils/Validate.java</file>
            <file>file:/D:/FPT/ki4/PRJ/AssG10/Project_G10_SE1629/src/java/controller/login/AuthenticationController.java</file>
            <file>file:/D:/FPT/ki4/PRJ/AssG10/Project_G10_SE1629/web/index/home.jsp</file>
            <file>file:/D:/FPT/ki4/PRJ/AssG10/Project_G10_SE1629/src/java/controller/home.java</file>
        </group>
    </open-files>
</project-private>
